,Unnamed: 0,Star,Period,q,Method,References,nq,logq,np
0,106,CSS J112237.1+395219,0.1824,0.6303312108980827,P,Acerbi et al. (2020),0.6303312108980827,0.2122758427187631,0.08202798894088593
1,78,BG Vul,0.40323646,0.8904884258324924,P,,0.8904884258324924,0.2765740228186452,0.16423134921304103
2,151,FN Cam,0.67713,0.22401614530776992,S,Rucinski et al. (2001),0.22401614530776992,0.08778714638129768,0.24840578978089878
3,344,V2284 Cyg,0.30699,0.3572159737638748,P,Wang et al. (2017),0.3572159737638748,0.13264896243541546,0.13029966783291833
4,422,V873 Per,0.2949,0.4110416044399596,P,Kriwattanawong & Poojon (2015),0.4110416044399596,0.1495398190784579,0.1258436252725962
5,357,V351 Peg,0.5933,0.3721675378405651,P,Albayrak et al. (2005),0.3721675378405651,0.13740714075669747,0.22433045604574134
6,38,AH Cnc,0.36046,0.1807875176589304,P,Yakut et al. (2009),0.1807875176589304,0.0721717534893822,0.14947678215098414
7,306,UCAC4 436-062932,0.36146,0.4120383753784057,P,Djura?sevi´c et al. (2016),0.4120383753784057,0.14984649982386508,0.14982748915027663
8,213,MQ UMa,0.4760662000000001,0.2077003329969728,P,,0.2077003329969728,0.08195918604770705,0.18825326670097606
9,380,V479 Lac,0.34575,0.8067596670030271,P,Kjurkchieva et al. (2019a),0.8067596670030271,0.2569003870733641,0.14428488796814629
10,270,PP Lac,0.40116,0.4030674369323916,P,Kjurkchieva et al. (2020),0.4030674369323916,0.14707854542876408,0.16352658939715214
11,1,1SWASP J015100.23-100524.2,0.2145,0.33229670030272457,P,Qian et al. (2015b),0.33229670030272457,0.12460095227816669,0.09498718069974173
12,34,AD Phe,0.37992361,0.3794147325933401,S,,0.3794147325933401,0.13969486008254697,0.1562524321337237
13,72,AW CrB,0.36094,0.1140038647830474,P,Broens (2013),0.1140038647830474,0.04688669752625566,0.14964515685530425
14,313,UY UMa,0.37602172,0.2181664278506559,P,,0.2181664278506559,0.08570662635887152,0.1549025559535079
15,152,FP Boo,0.64048,0.10902001009081737,P,Gazeas et al. (2006),0.10902001009081737,0.04493938221194136,0.23804398582460923
16,59,ASAS 063546+1928.6,0.47551,0.18577137235116045,P,Gezer & Bozkurt (2016),0.18577137235116045,0.07400096112110524,0.18807475628956777
17,55,ASAS 035803+0620.5,0.8251299999999999,0.1329425126135217,P,Saygan (2016),0.1329425126135217,0.054207873598493855,0.28790194112118905
18,282,RT LMi,0.37492,0.3901094147325933,P,Qian et al. (2008),0.3901094147325933,0.14304898467459087,0.1545206502034208
19,108,CSS J214633.8+120016,0.17933,0.4618769223007064,P,Kjurkchieva et al. (2016),0.4618769223007064,0.16491081023081047,0.08076808693849742
20,280,QY Hya,0.29234,0.6659939455095863,S,Szalai et al. (2007),0.6659939455095863,0.22167341877751837,0.12489418520728944
21,387,V535 Peg,0.323003849,0.5914571442986881,P,,0.5914571442986881,0.20179494817524812,0.13613241304124613
22,250,NSVS 4484038,0.21849,0.8027725832492432,P,Dimitrov & Kjurkchieva (2015),0.8027725832492432,0.25594094465403977,0.0965713076832259
23,40,AK Her,0.42152,0.2894355499495459,P,¸Cal?¸skano et al. (2014),0.2894355499495459,0.1103996396102257,0.17038798642235894
24,176,HI Dra,0.59742,0.2522704339051463,S,Papageorgiou & Christopoulou (2015),0.2522704339051463,0.09769812701345448,0.22554539855586986
25,351,V335 Peg,0.81072,0.2643794147325933,S,Pych et al. (2004),0.2643794147325933,0.10187741650887466,0.2842104394954461
26,361,V369 Cep,0.32819,0.5307769929364279,S,Chen et al. (2016),0.5307769929364279,0.18491192630145517,0.13800470186419603
27,413,V796 Cep,0.392966,0.9582688496468214,P,,0.9582688496468214,0.2918723156094873,0.16073429406212963
28,260,NSVS 9045055,0.35459,0.21467772956609485,P,Kjurkchieva et al. (2019b),0.21467772956609485,0.08446106901568042,0.1474124019687934
29,169,GW BOO,0.5315423,0.20471002018163476,P,,0.20471002018163476,0.08088252260337093,0.20569931268734926
30,205,M37 V3,0.42248,0.8107467507568112,P,Shanti Priya et al. (2014),0.8107467507568112,0.25785771456602785,0.1707088492350787
31,52,ASAS 024155-2507.8,0.40089,0.4618769223007064,P,Gezer & Bozkurt (2016),0.4618769223007064,0.16491081023081047,0.1634348661087187
32,126,EE Cet,0.37992,0.3178607467204844,S,Djura?sevi´c et al. (2006),0.3178607467204844,0.11986952245377978,0.15625118517529776
33,403,V680 Per,0.37422,0.7040922603430877,P,Wang et al. (2020),0.7040922603430877,0.23149310397130785,0.15427782409594665
34,17,1SWASP J155822.10-025604.8,0.26008000000000003,0.6612311099899092,P,Djura?sevi´c et al. (2016),0.6612311099899092,0.22043005557679976,0.11274840278854874
35,4,1SWASP J034501.24+493659.9,0.37653,0.4248234106962665,S,Kjurkchieva et al. (2019),0.4248234106962665,0.15376104223050965,0.1550786355374901
36,61,ASAS 125340-5010.6,0.40466,0.2874420080726539,P,Saygan (2016),0.2874420080726539,0.10972767566175975,0.16471384512305387
37,58,ASAS 051353-1701.2,0.34184000000000003,0.5316508879919273,P,Gezer & Bozkurt (2016),0.5316508879919273,0.1851597870351111,0.14289434781219512
38,373,V445 Cep,0.44878,0.16851664984863773,S,Pych et al. (2004),0.16851664984863773,0.06763490490614205,0.1794081940865914
39,97,CRTS J020730.1+145623,0.22344,0.5306541170534813,P,Li et al. (2019b),0.5306541170534813,0.18487706396679265,0.09852858096629187
40,2,1SWASP J022727.03+115641.7,0.21095,0.4758317154389505,P,Liu et al. (2015a),0.4758317154389505,0.16903683904330508,0.09357287035963172
41,199,LP UMa,0.30989168,0.3431615035317861,P,,0.3431615035317861,0.1281282359565965,0.13136237831880496
42,225,NN Vir,0.48069,0.502744530776993,P,Djura?sevi´c et al. (2004),0.502744530776993,0.17688515603330474,0.189734425302827
43,295,TT Cet,0.485953,0.4238143289606458,S,,0.4238143289606458,0.1534533592690725,0.19141421672498748
44,90,BX Dra,0.57903,0.3013968012108981,P,Zola et al. (2010),0.3013968012108981,0.11440973491807428,0.2200959218460078
45,358,V354 UMa,0.29383000000000004,0.28843877901109993,P,Michel et al. (2019),0.28843877901109993,0.11006378759835746,0.12544704143573068
46,76,BE Cep,0.42439,0.4389511907164481,P,Dai et al. (2012),0.4389511907164481,0.1580460628997602,0.1713465283896585
47,436,WZ Cep,0.41745,0.34425795156407674,P,Zhu & Qian (2009),0.34425795156407674,0.12848261409852443,0.16902502266582894
48,424,V902 Cep,0.3287,0.1748068920282543,P,Kjurkchieva et al. (2019b),0.1748068920282543,0.06996648565554665,0.13818838539130188
49,144,ET Leo,0.3465,0.3542256609485369,P,Gazeas et al. (2006),0.3542256609485369,0.13169103889779815,0.14455110745366279
50,423,V899 Her,0.42117,0.5711402623612514,S,Lu et al. (2001),0.5711402623612514,0.196214958082845,0.1702709461947618
51,368,V404 Peg,0.41918335,0.2455196770938446,S,,0.2455196770938446,0.09535059304135136,0.16960601084539248
52,226,NO Cam,0.4307565,0.4509124419778002,P,,0.4509124419778002,0.16164120491655146,0.17346533326123775
53,64,ASAS J174406+2446.8,0.37814,0.8914851967709383,P,Shi et al. (2020),0.8914851967709383,0.27680294674647205,0.15563590488694573
54,364,V396 Mon,0.39634,0.4040642078708375,P,Liu et al. (2011b),0.4040642078708375,0.14738696853908292,0.16188623779396535
55,389,V546 And,0.38302,0.25630676084762866,S,G¨urol et al. (2015),0.25630676084762866,0.0990956969464798,0.157320664123753
56,327,V1100 Her,0.34694,0.17381012108980828,P,Nelson & Robb (2013),0.17381012108980828,0.06959784986532465,0.14470721363297398
57,163,GR Vir,0.3468,0.12108980827447025,S,,0.12108980827447025,0.04964040445559229,0.14465754957127686
58,165,GSC 03950â?S00707,0.412,0.2176680423814329,P,Kjurkchieva et al. (2018g),0.2176680423814329,0.08552890815608731,0.16719319906365115
59,93,CE Leo,0.30343000000000003,0.5446089101917254,P,Yang et al. (2013),0.5446089101917254,0.18881853576969562,0.12899229205335663
60,378,V471 Cas,0.336,0.6462795459132189,P,Kjurkchieva et al. (2019a),0.6462795459132189,0.21650358235825506,0.1408091018638884
61,129,EF Dra,0.42403,0.1728133501513623,P,Yang (2012),0.1728133501513623,0.06922890090557104,0.17122640913975504
62,346,V2377 Oph,0.4254,0.3985872855701312,S,Deb & Singh (2011),0.3985872855701312,0.1456895757905126,0.17168335236977714
63,371,V410 Aur,0.36636,0.15686501513622605,P,Luo et al. (2017),0.15686501513622605,0.06328268773181192,0.15154187154660545
64,150,FI Lyn,0.37326,0.4000771241170535,P,Barani et al. (2015),0.4000771241170535,0.14615195971817108,0.15394458450015802
65,375,V453 Mon,0.511,0.3821352472250252,P,K¨ose et al. (2009),0.3821352472250252,0.14055054249519933,0.19932061853343916
66,44,AP Leo,0.43036,0.2996972754793138,S,Kreiner et al. (2003),0.2996972754793138,0.11384220853851792,0.17333367737962915
67,49,AR CrB,0.39735,0.8435923309788093,S,Alton & Nelson (2018),0.8435923309788093,0.26566489286726247,0.16223047640934943
68,273,PY BOO,0.278049,0.23411476286579214,P,,0.23411476286579214,0.09135554751072879,0.11955553327890657
69,218,MW Pav,0.7949890000000001,0.1949416649848638,P,,0.1949416649848638,0.07734670428536093,0.28014437824082916
70,15,1SWASP J140533.33+114639.1,0.22512,0.6562472552976789,P,Zhang et al. (2018),0.6562472552976789,0.2191251715766958,0.09919086776166713
71,438,XY BOO,0.3705524000000001,0.19823100908173566,P,,0.19823100908173566,0.0785405545289478,0.15300333004662067
72,104,CSS J015638.9+224640,0.24419,0.4618769223007064,P,Kjurkchieva et al. (2018c),0.4618769223007064,0.16491081023081047,0.1066386537958147
73,115,DE Lyn,0.40882,0.4997542179616549,P,Hashimoto et al. (2016),0.4997542179616549,0.1760200920363275,0.16612077486854
74,293,SX Crv,0.3166,0.07971745711402624,S,Zola et al. (2004),0.07971745711402624,0.03331012319993431,0.13380932173977686
75,32,AC BOO,0.3524321,0.3183419071644803,P,,0.3183419071644803,0.12002805755558618,0.14665103133203009
76,94,CK BOO,0.3551534,0.11200807265388496,S,,0.11200807265388496,0.046107940030490936,0.14761096652777653
77,251,NSVS 4665041,0.37056,0.33429024217961656,P,Kjurkchieva et al. (2018g),0.33429024217961656,0.1252503099901405,0.15300597492386878
78,50,ASAS 002821-1453.3,0.40266,0.18577137235116045,P,Gezer & Bozkurt (2016),0.18577137235116045,0.07400096112110524,0.16403581076016538
79,202,LU Lac,0.2988,0.4917800504540868,P,Liao et al. (2014),0.4917800504540868,0.17370479504299363,0.1272860599203502
80,18,1SWASP J160156.04+202821.6,0.22653,0.6760847628657922,S,Lohr et al. (2014),0.6760847628657922,0.22429597796611916,0.09974593713031729
81,317,V0417 Aql,0.370314,0.3652875882946519,S,,0.3652875882946519,0.1352241421123477,0.1529203562450928
82,258,NSVS 8040227,0.22371,0.5336444298688193,P,Kjurkchieva et al. (2018a),0.5336444298688193,0.18572468161711014,0.0986350880539581
83,117,DK AND,0.4892236,0.32860864783047433,P,,0.32860864783047433,0.12339707491031213,0.19245483005798047
84,220,NGC 6397 V8,0.27124000000000004,0.17181657921291627,P,Li & Qian (2013b),0.17181657921291627,0.06885963824373549,0.11698864365471282
85,217,MU Cnc,0.2910143,0.36618691220988897,P,,0.36618691220988897,0.13551012056674788,0.12440169922715016
86,416,V816 Cep,0.31141,0.2316228355196771,P,Kjurkchieva et al. (2019b),0.2316228355196771,0.09047773256003995,0.13191741280554778
87,254,NSVS 4803568,0.28657,0.2505614833501514,P,Kjurkchieva et al. (2018g),0.2505614833501514,0.09710504850418251,0.12274659427372757
88,53,ASAS 025115-2525.4,0.5592699999999999,0.11998449041372353,P,Saygan (2016),0.11998449041372353,0.0492120085859186,0.21416324681458826
89,328,V1101 Her,0.38266,0.8107467507568112,P,Pi et al. (2017),0.8107467507568112,0.25785771456602785,0.15719660164692487
90,156,FZ Ori,0.39999,0.8705530070635721,P,Prasad et al. (2014),0.8705530070635721,0.27197001959064315,0.1631289818293436
91,159,GM Dra,0.33875,0.19274876892028256,P,Gazeas et al. (2005),0.19274876892028256,0.07654897697994378,0.14179227158559957
92,348,V2610 Oph,0.4265100000000001,0.29364278506559033,S,Deb & Singh (2011),0.29364278506559033,0.11181437069752327,0.1720532242016935
93,57,ASAS 050334-2521.9,0.41406,0.1459005348133199,P,Gezer & Bozkurt (2016),0.1459005348133199,0.05914692211964405,0.1678865033798909
94,20,1SWASP J173828.46+111150.2,0.24938,0.4997542179616549,P,Kjurkchieva et al. (2015),0.4997542179616549,0.1760200920363275,0.108643690747364
95,143,ES Cep,0.34246,0.7870837537840566,S,Chen et al. (2016),0.7870837537840566,0.25214490670479944,0.14311513990798577
96,204,LY And,0.34503,0.3452547225025227,P,Lu et al. (2017),0.3452547225025227,0.12880452530740824,0.1440291636405908
97,85,BO Ari,0.3181938,0.19196770938446014,S,,0.19196770938446014,0.07626449044943916,0.13438865889293147
98,183,II UMa,0.8252200000000001,0.17356205852674064,S,Rucinski et al. (2002),0.17356205852674064,0.06950606024317305,0.2879248986781434
99,284,RW Com,0.2373463,0.4752774974772957,S,,0.4752774974772957,0.16887371813656635,0.10398051728291839
100,345,V2357 Oph,0.41557,0.2330978809283552,S,Deb & Singh (2011),0.2330978809283552,0.09099755142126012,0.16839400011397343
101,311,UW Cvn,0.29246584,0.2575388799192735,P,,0.2575388799192735,0.09952142122169759,0.12494090465986563
102,269,OU Ser,0.29676,0.17356205852674064,S,Zola et al. (2005),0.17356205852674064,0.06950606024317305,0.12653215324758466
103,110,CSSJ015341.9+381641,0.347518,0.9024496770938444,P,,0.9024496770938444,0.2793131777950394,0.14491219515376969
104,221,NGC 6866 ID487,0.41511,0.7858274772956609,P,Joshi et al. (2016),0.7858274772956609,0.2518395008696961,0.16823946126272685
105,39,AH Tau,0.34134691,0.4539027547931383,P,,0.4539027547931383,0.16253535943285913,0.1427186702630874
106,356,V345 Gem,0.27477,0.15487147325933404,P,Yang et al. (2009),0.15487147325933404,0.06253365387303117,0.1183212937884083
107,157,GK Aqr,0.32741,0.4469253582240162,P,Zhang et al. (2015b),0.4469253582240162,0.16044612797629967,0.13772362376158143
108,35,AE Phe,0.36237274,0.3970736629667003,S,,0.3970736629667003,0.14521930559631802,0.15014734642810482
109,42,AM Leo,0.3658,0.4688543188698285,P,Zola et al. (2010),0.4688543188698285,0.1669787245524511,0.15134628430296557
110,13,1SWASP J133105.91+121538.0,0.21801,0.8386563370332997,P,Elkhateeb et al. (2014b),0.8386563370332997,0.26450056290994406,0.09638104148510443
111,27,2MASS J19532554  + 1851175,0.35791,0.23261960645812316,P,Ko¸cak et al. (2020),0.23261960645812316,0.09082907148231777,0.14858119532675054
112,74,AW Vir,0.35399707,0.7708759132189708,P,,0.7708759132189708,0.24818813087257038,0.14720333176893083
113,314,UZ Leo,0.618089,0.3090817356205853,S,,0.3090817356205853,0.11696676360254504,0.23158968446924927
114,298,TV UMi,0.41555,0.7457114026236126,S,Pribulla et al. (2006),0.7457114026236126,0.24197244864352013,0.16838728217683926
115,47,AQ Psc,0.4756119000000001,0.2386002320887992,P,,0.2386002320887992,0.09293115705162074,0.18810746622249347
116,101,CRTS J151631.0+382626,0.22719,0.4937735923309789,P,Li et al. (2019b),0.4937735923309789,0.1742847774977341,0.10000551327915207
117,276,QQ BOO,0.276476955,0.8416466498486377,P,,0.8416466498486377,0.2652063073257077,0.11896424178225241
118,16,1SWASP J151144.56+165426.4,0.21987,0.42100931382441975,P,Li et al. (2019b),0.42100931382441975,0.15259692446462306,0.09711785913880187
119,409,V737 Per,0.3666,0.4220060847628658,P,Hu et al. (2018),0.4220060847628658,0.15290145474345387,0.15162566769406588
120,164,GSC 03122-02426,0.3005,0.3821352472250252,P,Zhou et al. (2016a),0.3821352472250252,0.14055054249519933,0.127913317294911
121,67,AST21541,0.42531,0.2625227346115035,P,Shi et al. (2019),0.2625227346115035,0.10123920732727407,0.17165334895128698
122,417,V829 Her,0.35815,0.4469253582240162,P,Erdem & ¨Ozkarde¸s (2006),0.4469253582240162,0.16044612797629967,0.14866556462599906
123,381,V480 Gem,0.21482,0.4120383753784057,P,Zhang et al. (2020),0.4120383753784057,0.14984649982386508,0.09511444182131555
124,255,NSVS 5038135,0.22544,0.3502385771947528,P,Kjurkchieva et al. (2018a),0.3502385771947528,0.13041051190600236,0.09931690319886839
125,379,V474 Cam,0.3282,0.3223289909182644,P,Guo et al. (2018),0.3223289909182644,0.1213395195709748,0.13800830424880015
126,323,V1044 Her,0.24064,0.8436401917255297,P,Lu et al. (2016),0.8436401917255297,0.2656761672623941,0.1052618422347605
127,63,ASAS J102556+2049.3,0.28498,0.14390699293642786,P,Kjurkchieva et al. (2018e),0.14390699293642786,0.05839071493206896,0.12215292590300009
128,172,GW Leo,0.3361488,0.8914851967709383,P,,0.8914851967709383,0.27680294674647205,0.14086235727998658
129,360,V366 Cas,0.72928,0.8974658224016145,P,Yang et al. (2013),0.8974658224016145,0.2781739620241389,0.2627362510854473
130,211,MM Com,0.30199000000000004,0.22763575176589304,P,Kjurkchieva et al. (2018g),0.22763575176589304,0.08906952766509152,0.12846234592082403
131,41,AL Cas,0.50055604,0.6213602724520686,P,,0.6213602724520686,0.2098795274661216,0.19604132890622125
132,118,DK Cyg,0.47069,0.3193386781029263,P,Lee et al. (2015),0.3193386781029263,0.12035629452355959,0.18652471361962844
133,146,EY Cas,0.48199184,0.8007790413723511,P,,0.8007790413723511,0.2554604274226587,0.19015053869539467
134,397,V596 Peg,0.2835,0.299403259334006,P,Kjurkchieva et al. (2019b),0.299403259334006,0.11374395178520509,0.12159959872185219
135,246,NSVS 3853195,0.29252399999999995,0.9094270736629668,P,,0.9094270736629668,0.2809030761104559,0.12496249548691978
136,399,V608 Cas,0.3804,0.3851255600403633,P,Liu et al. (2016b),0.3851255600403633,0.14148914348065528,0.15641695433877925
137,405,V700 Cyg,0.29063,0.5515863067608476,P,Ostadnezhad et al. (2019),0.5515863067608476,0.1907759381589774,0.12425883065692833
138,56,ASAS 040633-4729.4,0.40637,0.14889084762865795,P,Saygan (2016),0.14889084762865795,0.06027876974629052,0.16529272622712557
139,366,V401 Cyg,0.5827100000000001,0.2926337033299697,S,Rucinski et al. (2002),0.2926337033299697,0.11147547525941098,0.2211918961587622
140,355,V344 Lac,0.39224,0.3990803531786075,P,Liu et al. (2020),0.3990803531786075,0.14584265797998916,0.16048602475265994
141,350,V2790 Orion,0.28781,0.3253193037336025,P,Shokry et al. (2020),0.3253193037336025,0.12232052366406711,0.123209018351661
142,309,USNO-B1.0 1452-0049820,0.37815,0.12397157416750755,P,Kjurkchieva et al. (2018e),0.12397157416750755,0.050755327835976694,0.1556393639537258
143,84,BM UMa,0.27122032,0.5515863067608476,P,,0.5515863067608476,0.1907759381589774,0.11698120256137959
144,419,V842 Aur,0.3488812,0.1744081836528759,P,,0.1744081836528759,0.06981906888577485,0.14539525663649053
145,177,HN Psc,0.32952,0.8635756104944499,P,,0.8635756104944499,0.27034701799372507,0.13848355691271477
146,223,NGC5466 NH19,0.34214,0.5067316145307771,P,Kallrath et al. (1992),0.5067316145307771,0.17803590081587684,0.14300119671386416
147,36,AG Vir,0.64265,0.3854692230070636,S,Deb & Singh (2011),0.3854692230070636,0.14159688275147977,0.23866442908359295
148,281,ROTSE1 J135749.66+361609.3,0.24658,0.571521725529768,P,Kjurkchieva et al. (2018c),0.571521725529768,0.19632038930681248,0.10756312526018033
149,192,KP Peg,0.7272,0.3249243188698285,S,Pych et al. (2004),0.3249243188698285,0.12219107160420405,0.2621736443362232
150,188,Kepler 1572353,0.2289,0.9682365590312816,P,Kjurkchieva & Dimitrov (2015),0.9682365590312816,0.29407729435336766,0.10067733064545642
151,121,DN Cam,0.49831,0.4539027547931383,P,Baran et al. (2004),0.4539027547931383,0.16253535943285913,0.19533284999130038
152,388,V539 Dra,0.33309,0.2635195055499496,P,Kjurkchieva et al. (2019b),0.2635195055499496,0.1015819507176056,0.1397663000819817
153,247,NSVS 4161544,0.35168,0.2986881937436933,S,Kjurkchieva et al. (2019),0.2986881937436933,0.11350489241911141,0.1463853543250594
154,11,1SWASP J080150.03+471433.8,0.21751,0.4848026538849647,P,Darwish et al. (2017a),0.4848026538849647,0.17166873511843292,0.09618275885025994
155,7,1SWASP J052926.88+461147.5,0.22664,0.4239996266397579,P,Kjurkchieva et al. (2018d),0.4239996266397579,0.15350987543263941,0.09978921059736459
156,22,1SWASP J200059.78+054408.9,0.20569,0.4479221291624622,P,Liu et al. (2018),0.4479221291624622,0.16074520565640738,0.09146879608210635
157,62,ASAS J083241+2332.4,0.31133,0.07812011099899091,P,Sriram et al. (2016),0.07812011099899091,0.03266714734260917,0.13188818583724882
158,136,EP Cep,0.28974,0.18668012108980828,S,Chen et al. (2016),0.18668012108980828,0.07433366725484439,0.12392778090157434
159,400,V619 Peg,0.38871,0.2027164783047427,P,Kjurkchieva et al. (2019b),0.2027164783047427,0.08016326123857666,0.1592768482210628
160,415,V802 Aql,0.26771,0.15686501513622605,P,Yang et al. (2008),0.15686501513622605,0.06328268773181192,0.11565189164031875
161,235,NSVS 1768818,0.41617,0.2844516952573159,P,Kjurkchieva et al. (2019b),0.2844516952573159,0.1087177762725367,0.16859548992167955
162,265,OQ Cam,0.4378435000000001,0.4907832795156408,P,,0.4907832795156408,0.17341451310325726,0.17581182972435538
163,369,V407 Peg,0.636883596,0.2532795156407669,S,,0.2532795156407669,0.09804794135528609,0.23701375134050023
164,326,V1073 Cyg,0.78585,0.3153515943491423,P,Ekmek¸ci et al. (2012),0.3153515943491423,0.11904185554522932,0.2777645794691062
165,365,V400 Lyr,0.25343000000000004,0.27245206861755805,S,Long et al. (2019),0.27245206861755805,0.10464143208780628,0.11020191001728512
166,385,V532 Mon,0.46698086,0.2027164783047427,P,,0.2027164783047427,0.08016326123857666,0.18532812946396066
167,292,SW Lac,0.32072,0.7868242482341069,P,Gazeas et al. (2005),0.7868242482341069,0.25208183746602725,0.13530533778836393
168,245,NSVS 3640326,0.41942,0.4230028557013119,P,,0.4230028557013119,0.1532057716331791,0.1696852714622495
169,243,NSVS 3198272,0.35228000000000004,0.12795865792129166,P,Kjurkchieva et al. (2019b),0.12795865792129166,0.05229318212455116,0.14659731558483236
170,138,EQ Cep,0.30695,0.4823410696266398,S,Chen et al. (2016),0.4823410696266398,0.1709481413049812,0.13028500005795499
171,109,CSS J224326.0+154532,0.22323,0.4220060847628658,P,Kjurkchieva et al. (2016),0.4220060847628658,0.15290145474345387,0.09844572405830357
172,414,V797 Cep,0.270416,0.8964690514631684,P,,0.8964690514631684,0.2779457598316179,0.11667697654522866
173,153,FP Lyn,0.35909,0.8775304036326942,P,Michel et al. (2019),0.8775304036326942,0.2735869784447803,0.14899585332556672
174,128,EF CVn,0.27205,0.2984064883955601,P,Xia et al. (2018),0.2984064883955601,0.11341067707953362,0.11729479760689801
175,234,NSVS 1557555,0.27252,0.5675346417759839,P,Barani et al. (2017),0.5675346417759839,0.19521714731194778,0.11747234359580551
176,412,V789 Her,0.32004,0.24856794147325936,P,Li et al. (2018),0.24856794147325936,0.09641217969025456,0.1350587773291514
177,96,CRTS J003244.2+244707,0.22517,0.4548995257315842,P,Li et al. (2019b),0.4548995257315842,0.1628330023067878,0.09921056320993253
178,402,V658 Lyr,0.33026,0.19274876892028256,P,Martignoni et al. (2018),0.19274876892028256,0.07654897697994378,0.13874975910996185
179,125,DY Cet,0.44079,0.3592330978809284,S,Deb & Singh (2011),0.3592330978809284,0.1332939412377103,0.17678369300642097
180,340,V1853 Ori,0.383,0.2027164783047427,P,He et al. (2019),0.2027164783047427,0.08016326123857666,0.15731377269360974
181,393,V573 Peg,0.4174486,0.2753810797174571,P,,0.2753810797174571,0.10563996993894717,0.16902455309638478
182,278,QW Gem,0.35812,0.3462514934409687,P,Wang (2017),0.3462514934409687,0.1291261980834285,0.14865501935988917
183,395,V584 Cam,0.4646987,0.14998729566094854,P,,0.14998729566094854,0.060693042566809324,0.18459025339334265
184,240,NSVS 2700153,0.22846,0.7858274772956609,P,Dimitrov & Kjurkchieva (2015),0.7858274772956609,0.2518395008696961,0.10050456463406696
185,367,V402 Aur,0.6035,0.20181634712411706,S,Zola et al. (2004),0.20181634712411706,0.07983810699750216,0.22733213742773964
186,390,V560 Lac,0.2722,0.7080793440968719,P,Kjurkchieva et al. (2019a),0.7080793440968719,0.23250804076931464,0.11735146910669826
187,407,V728 Her,0.47129,0.16882626639757822,P,Erkan & Ula¸s (2016),0.16882626639757822,0.06774996269981248,0.18671796672778246
188,100,CRTS J060855.6+622713,0.22932,0.4140319172552977,P,Li et al. (2019b),0.4140319172552977,0.15045921238267176,0.10084217956825685
189,228,NSVS 10632802,0.22072,0.4688543188698285,P,Kjurkchieva et al. (2018a),0.4688543188698285,0.1669787245524511,0.09745416116632746
190,335,V1191 Cyg,0.31339,0.10595358224016144,S,Ula¸s et al. (2012),0.10595358224016144,0.043736899663075,0.13264015421372824
191,37,AH Aur,0.4941100000000001,0.1817842885973764,P,Gazeas et al. (2005),0.1817842885973764,0.07253821189105046,0.19400491498512307
192,384,V523 Cas,0.23369221,0.5466024520686175,P,,0.5466024520686175,0.18937869439694135,0.10255455483218134
193,19,1SWASP J161335.80âLٹ284722.2,0.22978,0.9193947830474268,P,Fang et al. (2019),0.9193947830474268,0.28316431004845616,0.10102265662150366
194,119,DN Aur,0.6168891,0.2180667507568113,P,,0.2180667507568113,0.08567108853578206,0.23124108538840354
195,95,CN AND,0.4627894,0.39051463168516654,S,,0.39051463168516654,0.14317556308633167,0.18397196711747624
196,242,NSVS 2729229,0.22884,0.8207144601412715,P,Kjurkchieva et al. (2018a),0.8207144601412715,0.2602418413970488,0.10065377569049998
197,219,NGC 6397 V7,0.26986,0.3841287891019173,P,Li & Qian (2013b),0.3841287891019173,0.1411765018216342,0.11646655044588888
198,29,44 Boo,0.26782,0.4914228052472251,S,Lu et al. (2001),0.4914228052472251,0.17360077957353165,0.11569360897135202
199,410,V776 Cas,0.440416842,0.1311806256306761,S,,0.1311806256306761,0.05353195810969779,0.1766607320808293
200,54,ASAS 035020-8017.4,0.62241,0.2445808577194753,P,Saygan (2016),0.2445808577194753,0.09502311703192058,0.23284272319352253
201,427,V972 Her,0.44309,0.16548940464177594,S,Selam et al. (2018),0.16548940464177594,0.06650832974288774,0.17754080846086545
202,287,SDSS J001641-000925,0.19856,0.6313279818365287,P,Qian et al. (2015a),0.6313279818365287,0.21254128561526758,0.08860032311251811
203,339,V1848 Ori,0.26635,0.7728694550958628,P,Kriwattanawong & Poojon (2014),0.7728694550958628,0.24867675758692098,0.11513578240944874
204,261,NSVS 908513,0.39959,0.7200405953582241,P,Kjurkchieva et al. (2016),0.7200405953582241,0.2355386969843022,0.16299296407588768
205,297,TU UMi,0.37709,0.16145307769929365,S,Rucinski et al. (2005),0.16145307769929365,0.06500166914451651,0.1552725494691164
206,175,HH UMa,0.37549,0.3073774268415741,P,Wang et al. (2015),0.3073774268415741,0.11640098217282746,0.1547182797925957
207,14,1SWASP J133417.80+394314.4,0.22888000000000006,0.17081980827447024,P,Shokry et al. (2020),0.17081980827447024,0.06849006134590808,0.10066947913575423
208,308,USNO-A2.0 1350-17365531,0.26638,0.432970565085772,P,Kjurkchieva et al. (2019a),0.432970565085772,0.15623726956544154,0.11514717378992063
209,215,MT Cam,0.36613905,0.3507369626639758,P,,0.3507369626639758,0.13057078441377343,0.1514647124215606
210,89,BX AND,0.61011258,0.5015136226034309,S,,0.5015136226034309,0.17652927672458457,0.22926707765391227
211,330,V1107 Cas,0.27341193,0.6781762159434914,P,,0.6781762159434914,0.2248375617333053,0.11780907733368597
212,66,AST19571,0.52385,0.2874420080726539,P,Shi et al. (2019),0.2874420080726539,0.10972767566175975,0.20332169650822798
213,208,M71 V1,0.3489,0.3422644096871847,P,McVean et al. (1997),0.3422644096871847,0.1278380749664648,0.1454019148212826
214,60,ASAS 071829-0336.7,0.21126,0.8406498789101916,P,Kjurkchieva et al. (2018a),0.8406498789101916,0.2649711865930448,0.09369655721824718
215,439,XY Leo,0.2841,0.6133861049445004,P,Yakut et al. (2003),0.6133861049445004,0.207738312324365,0.12182400552780798
216,147,EZ Hya,0.44975,0.2695001311806257,P,Yang et al. (2004),0.2695001311806257,0.10363275008647908,0.17972573620691276
217,266,OQ Dra,0.33967,0.5615540161453078,P,,0.5615540161453078,0.19355701162615935,0.14212069031532074
218,120,DN BOO,0.447568,0.10494450050454088,S,,0.10494450050454088,0.04334046469086181,0.17901110355030456
219,296,TU BOO,0.32428196,0.5098216044399596,P,,0.5098216044399596,0.17892563551548174,0.13659458291732837
220,442,YY CrB,0.37656,0.2431886982845611,S,Essam et al. (2010),0.2431886982845611,0.09453705334313131,0.1550890259790697
221,23,1SWASP J210318.76+021002.2,0.22859,0.8874981130171543,P,Elkhateeb et al. (2014a),0.8874981130171543,0.27588652612551884,0.10055561629104695
222,433,VZ Psc,0.26125919,0.8107467507568112,P,,0.8107467507568112,0.25785771456602785,0.11319839702270433
223,233,NSVS 11534299,0.22465,0.8825142583249244,P,Kjurkchieva et al. (2015),0.8825142583249244,0.27473827426895875,0.09900568687541275
224,312,UX Eri,0.44528,0.3851255600403633,P,Qian et al. (2007b),0.3851255600403633,0.14148914348065528,0.17826048939446917
225,262,NSVS 925605,0.21763,0.6891406962663974,P,Dimitrov & Kjurkchieva (2015),0.6891406962663974,0.2276658254545198,0.09623035493946995
226,430,VW Cep,0.27831,0.30474268415741673,S,Mitnyan et al. (2018),0.30474268415741673,0.11552487039511872,0.11965362503468262
227,434,W UMa,0.33363000000000004,0.4883955600403633,S,Pribulla et al. (2007),0.4883955600403633,0.17271836582890648,0.13995999899679032
228,305,U Peg,0.3747771,0.3432611806256307,P,,0.3432611806256307,0.12816046410304868,0.15447109001608014
229,418,V839 Oph,0.409,0.3077699293642785,S,Pazhouhesh & Edalati (2003),0.3077699293642785,0.11653134704929916,0.16618154888285255
230,231,NSVS 113026,0.322424,0.8047661251261352,P,,0.8047661251261352,0.2564209308134098,0.1359225751104016
231,382,V508 Oph,0.34479,0.5635475580221998,P,Xiang et al. (2015),0.5635475580221998,0.1941110956029315,0.14394388872547928
232,288,SDSS J012119.10-001949.9,0.2052,0.511715469223007,P,Jiang et al. (2015a),0.511715469223007,0.17947005718723763,0.09127226912736845
233,253,NSVS 4761821,0.21751,0.4439350454086782,P,Dimitrov & Kjurkchieva (2015),0.4439350454086782,0.1595476571844041,0.09618275885025994
234,105,CSS J073801.1+303139,0.24183,0.7987854994954591,P,Kjurkchieva et al. (2018c),0.7987854994954591,0.2549793779427746,0.10572385148924442
235,310,UV Lyn,0.41498,0.3753784056508578,S,Zola et al. (2005),0.3753784056508578,0.13842220134939826,0.16819577727124183
236,5,1SWASP J044132.96+440613.7,0.22816,0.649269858728557,P,Kjurkchieva et al. (2018d),0.649269858728557,0.21729172208964734,0.1003867302090742
237,239,NSVS 2607629,0.22937,0.6303312108980827,P,Kjurkchieva et al. (2018a),0.6303312108980827,0.2122758427187631,0.10086180027267645
238,440,XZ Leo,0.48773886,0.3582127447023209,P,,0.3582127447023209,0.13296780132430852,0.19198273637935961
239,286,RZ Tau,0.41567758,0.3824419778002017,S,,0.3824419778002017,0.1406469126711314,0.16843013411508884
240,341,V1918 Cyg,0.41318,0.28052472250252275,S,G¨urol (2016),0.28052472250252275,0.10738796760942944,0.16759046994931556
241,401,V646 Lac,0.30082,0.3412676387487387,P,Kjurkchieva et al. (2019b),0.3412676387487387,0.12751544633346654,0.12803128802176544
242,370,V409 Hya,0.47227,0.2286325227043391,P,Na et al. (2014),0.2286325227043391,0.08942200719393678,0.18703342865296452
243,322,V1033 Her,0.29805,0.25832492431886983,S,Long et al. (2019),0.25832492431886983,0.0997927989932673,0.12700904045498715
244,10,1SWASP J075102.16+342405.3,0.20917,0.7908113319878911,P,Jiang et al. (2015b),0.7908113319878911,0.25304983387102276,0.0928619857587411
245,274,PY Vir,0.31125,0.7838339354187689,P,Zhu et al. (2013),0.7838339354187689,0.25135442162744503,0.1318589569019132
246,71,AV Pup,0.4350100000000001,0.9064367608476284,P,Han et al. (2019a),0.9064367608476284,0.28022240369810975,0.17487518216072875
247,249,NSVS 4340949,0.30416,0.433967336024218,P,Kjurkchieva et al. (2018g),0.433967336024218,0.15653925876134542,0.12926069849768587
248,182,HX UMa,0.37916,0.29364278506559033,S,Rucinski et al. (2003),0.29364278506559033,0.11181437069752327,0.15598858786098774
249,222,NGC 6866 ID494,0.36671,0.4020706659939456,P,Joshi et al. (2016),0.4020706659939456,0.14676990312979366,0.15166406885885664
250,116,DF Cvn,0.32690440000000004,0.3693765792129163,P,,0.3693765792129163,0.13652289574863982,0.13754133026888218
251,178,HN UMa,0.38253,0.14127144298688196,S,Zola et al. (2005),0.14127144298688196,0.057388950440179984,0.15715179259698536
252,236,NSVS 1926064,0.40747,0.1728133501513623,P,Kjurkchieva et al. (2020),0.1728133501513623,0.06922890090557104,0.1656646984760534
253,283,RV Cvn,0.26956736,0.9403269727547932,P,,0.9403269727547932,0.28787492090844646,0.11635575571300052
254,426,V921 Her,0.8773799999999999,0.2565421089808275,P,Gazeas et al. (2006),0.2565421089808275,0.09917704715985762,0.3010299956639812
255,441,Y Sex,0.41982,0.19677093844601412,S,Deb & Singh (2011),0.19677093844601412,0.07801103454296847,0.16981920962272615
256,200,LR Cam,0.43414,0.3123612815338042,P,Yang & Dai (2010),0.3123612815338042,0.11805340895550429,0.1745871873643357
257,113,CX Vir,0.7460770999999999,0.343087790110999,S,,0.343087790110999,0.1281044009893998,0.2672530864646628
258,212,MM Peg,0.42609,0.9064367608476284,P,Kjurkchieva et al. (2018g),0.9064367608476284,0.28022240369810975,0.17191330974110727
259,329,V1104 Her,0.22788000000000005,0.6412956912209888,P,Liu et al. (2015b),0.6412956912209888,0.21518682937563988,0.10027672255973183
260,102,CRTS J232100.1+410736,0.21198000000000006,0.4588866094853683,P,Li et al. (2019b),0.4588866094853683,0.1640215380973518,0.09398369407624618
261,241,NSVS 2701634,0.24472,0.3960900403632695,P,Martignoni et al. (2016),0.3960900403632695,0.14491342886872435,0.10684383199019261
262,325,V1067 Her,0.25811,0.3721675378405651,P,Darwish et al. (2017b),0.3721675378405651,0.13740714075669747,0.11199558346249201
263,3,1SWASP J024148.62+372848.3,0.21975,0.8237047729566094,P,Jiang et al. (2015d),0.8237047729566094,0.2609545347307446,0.09707036022076546
264,130,EG Cas,0.6115,0.33501513622603435,S,,0.33501513622603435,0.12548618970222564,0.22967196573665696
265,73,AW UMa,0.43873328,0.09137716448032288,P,,0.09137716448032288,0.03797486254595481,0.1761055409374342
266,362,V376 And,0.79867,0.31734513622603433,P,Zola et al. (2010),0.31734513622603433,0.11969957232057941,0.28109924000208364
267,324,V1062 Her,0.25144,0.40867810292633705,S,Long et al. (2019),0.40867810292633705,0.14881176380186698,0.10943696509938199
268,332,V1123 Tau,0.39994,0.29142909182643795,P,Ekmek¸ci et al. (2012),0.29142909182643795,0.1110705654656567,0.16311198193965212
269,229,NSVS 10971359,0.27977,0.4738381735620586,P,Kjurkchieva et al. (2015),0.4738381735620586,0.1684498008993901,0.12020192930804496
270,391,V566 Oph,0.40965,0.2522704339051463,S,Selam et al. (2018),0.2522704339051463,0.09769812701345448,0.16640093982268755
271,347,V2388 Oph,0.8023,0.19872939455095867,P,Yakut et al. (2004),0.19872939455095867,0.0787211549776957,0.28203882070983755
272,83,BL Leo,0.28193148,0.4877929667003028,P,,0.4877929667003028,0.17254250132056317,0.12101240607814144
273,99,CRTS J053317.3+014049,0.21565,0.5426153683148335,P,Li et al. (2019b),0.5426153683148335,0.1882576537094301,0.09544435165901126
274,194,KT Cnc,0.3236934,0.25554533804238144,P,,0.25554533804238144,0.0988323998096866,0.1363818184409432
275,209,M71 V2,0.36719,0.3930997275479314,P,McVean et al. (1997),0.3930997275479314,0.14398220728790534,0.15183159785349518
276,267,OT Cnc,0.21781128,0.4857994248234107,P,,0.4857994248234107,0.17196018589040804,0.09630224687431466
277,377,V455 Dra,0.37683317,0.9602623915237134,P,,0.9602623915237134,0.29231420786859497,0.1551836264408833
278,279,QX AND,0.41216837,0.3087790110998991,S,,0.3087790110998991,0.11686632159880476,0.16724990646419208
279,69,AU Ser,0.3865,0.7154389505549951,S,Deb & Singh (2011),0.7154389505549951,0.2343752668929986,0.1585181111221015
280,191,KIC 9532219,0.19815,0.8436401917255297,P,Lee et al. (2016),0.8436401917255297,0.2656761672623941,0.08843479838780814
281,148,FG Hya,0.32783,0.12496834510595355,P,Qian & Yang (2005),0.12496834510595355,0.0511403022347366,0.1378749961136528
282,271,Praesepe V1,0.29100000000000004,0.7858274772956609,P,Shanti Priya et al. (2013),0.7858274772956609,0.2518395008696961,0.1243963838562208
283,372,V417 Aql,0.3703,0.3652875882946519,S,,0.3652875882946519,0.1352241421123477,0.15291548312968264
284,70,AV CrB,0.30819240000000003,0.511715469223007,P,,0.511715469223007,0.17947005718723763,0.1307403500451495
285,0,07g-3-00820,0.22696,0.7798468516649848,P,Gao et al. (2017),0.7798468516649848,0.2503826347031389,0.09991507253580012
286,256,NSVS 6673994,0.26688,0.33229670030272457,P,Kjurkchieva et al. (2020),0.33229670030272457,0.12460095227816669,0.11533698615555407
287,319,V0802 Aql,0.2677087,0.15716404641775988,P ,,0.15716404641775988,0.06339493147011856,0.11565139859335566
288,334,V1187 Her,0.31073,0.05718792129162462,P,Caton et al. (2019),0.05718792129162462,0.024152192535379504,0.13166892085742107
289,264,OO Aql,0.50679,0.8516649848637741,S,?I¸cli et al. (2013),0.8516649848637741,0.2675624141028328,0.198001701886991
290,207,M4 V53,0.30851,0.8237047729566094,P,Liu et al. (2011a),0.8237047729566094,0.2609545347307446,0.1308566765180273
291,51,ASAS 012450-3241.4,0.30897,0.38911264379414734,P,Gezer & Bozkurt (2016),0.38911264379414734,0.1427374643082915,0.13102510421857985
292,86,BO CVn,0.51746,0.343087790110999,S,Zola et al. (2012),0.343087790110999,0.1281044009893998,0.2013366628211324
293,193,KR Com,0.40797,0.09182643794147326,S,Rucinski et al. (2002),0.09182643794147326,0.03815360628527531,0.16583367150826167
294,24,1SWASP J212808.86+151622.0,0.22484,0.4120383753784057,P,Djura?sevi´c et al. (2016),0.4120383753784057,0.14984649982386508,0.09908055674204855
295,142,ER Vul,0.69809458,0.9552976791120079,S,,0.9552976791120079,0.29121288477753665,0.2542236699247058
296,166,GSC 3581-1856,0.27851,0.7589146619576186,P,Bulut et al. (2018),0.7589146619576186,0.24524476911069548,0.11972877614050405
297,238,NSVS 2244206,0.28073000000000004,0.7459566397578203,P,Kjurkchieva et al. (2016),0.7459566397578203,0.24203345394701778,0.12056208127933157
298,359,V357 Peg,0.57845,0.4130351463168517,P,Ekmek¸ci et al. (2012),0.4130351463168517,0.1501529641568658,0.2199229341782096
299,302,TY Pup,0.8192405999999999,0.19663617558022206,P,,0.19663617558022206,0.07796212788709887,0.2863970054290215
300,386,V535 Ara,0.62931,0.30474268415741673,S,Ozkarde¸s & Erdem (2012),0.30474268415741673,0.11552487039511872,0.23483617546092939
301,248,NSVS 4316778,0.25596,0.15985532795156407,P,Kjurkchieva et al. (2020),0.15985532795156407,0.06440382182117915,0.1111724866102929
302,252,NSVS 4751449,0.35265,0.2605291927346115,P,Kjurkchieva et al. (2018g),0.2605291927346115,0.10055290800274147,0.14672797348035266
303,134,EL Boo,0.41377,0.25025227043390513,S,Deb & Singh (2011),0.25025227043390513,0.09699765189078814,0.16778896919887004
304,26,2MASS J07095549+3643564,0.22297,0.3063806559031281,P,Zhang et al. (2020),0.3063806559031281,0.1160697410054586,0.09834311740864157
305,98,CRTS J034705.9+211309,0.22957,0.4080512916246216,P,Li et al. (2019b),0.4080512916246216,0.14861847530596128,0.10094027422724756
306,33,AD Cnc,0.28273000000000004,0.7808436226034309,P,Qian et al. (2007a),0.7808436226034309,0.25062578536884533,0.12131143999360788
307,230,NSVS 11234970,0.25074,0.99614614530777,P,Kjurkchieva et al. (2015),0.99614614530777,0.30019233443493065,0.10916756835238799
308,133,EL Aqr,0.4814100000000001,0.2048435923309788,S,Deb & Singh (2011),0.2048435923309788,0.08093067230807496,0.1899646116460987
309,263,NX Cam,0.6057708,0.16274596367305755,P,,0.16274596367305755,0.06548484058728588,0.22799757997472753
310,173,GZ And,0.30502,0.5186680121089808,S,Lu & Rucinski (1999),0.5186680121089808,0.18146284544458682,0.12957669067254146
311,155,FV CVn,0.31537,0.9403269727547932,P,Michel et al. (2019),0.9403269727547932,0.28787492090844646,0.13336169485275468
312,392,V568 Peg,0.247095,0.4150286881937437,P,,0.4150286881937437,0.15076524480584974,0.10776207400638965
313,9,1SWASP J074658.62+224448.5,0.22085,0.3641933703329969,P,Kjurkchieva et al. (2018a),0.3641933703329969,0.13487593462864897,0.09750557264157332
314,68,AST38503,0.86605,0.32631607467204843,P,Shi et al. (2019),0.32631607467204843,0.12264703321527018,0.2982167844401651
315,294,T-Dra0-00959,0.32933,0.2575388799192735,P,Kjurkchieva et al. (2018g),0.2575388799192735,0.09952142122169759,0.1384151813659346
316,131,EH Cnc,0.4180358,0.4994954591321897,S,,0.4994954591321897,0.17594515493928115,0.16922145939923575
317,210,M71 V5,0.4045,0.3831320181634713,P,McVean et al. (1997),0.3831320181634713,0.14086363493473011,0.16465964131233066
318,6,1SWASP J050904.45-074144.4,0.22958,0.3552224318869828,P,Li et al. (2019b),0.3552224318869828,0.13201058156699533,0.10094419755278386
319,420,V842 Her,0.41903,0.2714936730575177,P,Erdem & ¨Ozkarde¸s (2009),0.2714936730575177,0.10431420347118991,0.16955464197276027
320,206,M4 V47,0.26997,0.13593282542885976,P,Liu et al. (2011a),0.13593282542885976,0.05535264967767843,0.1165081895997647
321,352,V336 TrA,0.26677,0.7270179919273461,P,Kriwattanawong et al. (2018),0.7270179919273461,0.23729686203420072,0.11529523455243562
322,432,VY Sex,0.44343,0.32731284561049445,P,Gazeas et al. (2006),0.32731284561049445,0.12297329747576234,0.17765261798099405
323,428,VSX J062624+570907,0.28063,0.787821019172553,P,Kjurkchieva et al. (2016),0.787821019172553,0.25232403891379357,0.12052457938114207
324,396,V592 Per,0.71572,0.3925327951564077,S,Zola et al. (2005),0.3925327951564077,0.1438054319159612,0.2590553072465969
325,65,ASAS J212319-4622.4,0.2961,0.7798468516649848,P,Lu et al. (2018),0.7798468516649848,0.2503826347031389,0.12628796179785448
326,30,AA UMa,0.46813,0.5635475580221998,P,Lee et al. (2011),0.5635475580221998,0.1941110956029315,0.18569919946491645
327,376,V454 Dra,0.43491412,1.000133229061554,P,,1.000133229061554,0.30105892502356507,0.1748434525101958
328,304,TZ BOO,0.29715993,0.20887991927346114,S,,0.20887991927346114,0.08238316356801725,0.1266800553875125
329,421,V857 Her,0.38223,0.07812011099899091,P,Qian et al. (2005b),0.07812011099899091,0.03266714734260917,0.15704836944877723
330,354,V342 UMa,0.34385,0.3761546215943492,P,Li et al. (2019a),0.3761546215943492,0.13866723297840522,0.14360973399589838
331,107,CSS J171410.0+445850,0.22146,0.5306541170534813,P,Kjurkchieva et al. (2016),0.5306541170534813,0.18487706396679265,0.0977467298561984
332,338,V1799 Ori,0.2903,0.7599114328960647,P,Liu et al. (2014a),0.7599114328960647,0.2454908126025863,0.1241361113063452
333,435,WY Tau,0.69275946,0.5196896367305751,P,,0.5196896367305751,0.18175490188015833,0.252750497839047
334,79,BH Cas,0.40589171,0.479313824419778,S,,0.479313824419778,0.17006031581983383,0.16513088987853217
335,167,GU Ori,0.47067725,0.4668607769929364,P,,0.4668607769929364,0.1663888959475725,0.1865206060578326
336,337,V1363 Ori,0.43192,0.20686175580222,S,Pych et al. (2004),0.20686175580222,0.08165752516711668,0.1738514374994697
337,257,NSVS 7179685,0.20974,0.4818123410696266,P,Dimitrov & Kjurkchieva (2015),0.4818123410696266,0.17079320742312323,0.09308975525490104
338,237,NSVS 2175434,0.22095,0.3492418062563068,P,Kjurkchieva et al. (2018d),0.3492418062563068,0.1300897893398253,0.0975451157892409
339,82,BL Eri,0.41991506,0.5449041372351161,S,,0.5449041372351161,0.1889015362129857,0.16985103395271214
340,411,V781 Tau,0.34491,0.457114026236125,S,Li et al. (2016),0.457114026236125,0.16349353874834496,0.14398652827603056
341,154,FU Dra,0.306719,0.2615259636730575,P,,0.2615259636730575,0.10089619323163755,0.13020028396501934
342,181,HV Aqr,0.37445,0.14127144298688196,S,,0.14127144298688196,0.057388950440179984,0.1543576247942836
343,28,2MASS J19533427 + 1844047,0.40434,0.14291022199798184,P,Ko¸cak et al. (2020),0.14291022199798184,0.05801211699002408,0.16460543073564574
344,404,V685 Peg,0.3172596,0.4160254591321897,P,,0.4160254591321897,0.151071061730323,0.1340491762963959
345,145,EX Leo,0.4086,0.2116874167507568,P,Zola et al. (2010),0.2116874167507568,0.08339059780952646,0.1660464839664634
346,363,V384 Ser,0.26874000000000003,0.3188698284561049,S,Zhang et al. (2020),0.3188698284561049,0.12020193309526896,0.11604236073437256
347,139,EQ Tau,0.34135,0.4509124419778002,P,Hasanzadeh et al. (2015),0.4509124419778002,0.16164120491655146,0.14271977138610092
348,343,V2240 Cyg,0.40416,0.12397157416750755,P,Ostadnezhad et al. (2020),0.12397157416750755,0.050755327835976694,0.1645444357473331
349,342,V2082 Cyg,0.71408,0.2401614530776993,S,Pych et al. (2004),0.2401614530776993,0.09347822840117873,0.2586079970917964
350,189,Kepler 8108785,0.22884,0.8416466498486377,P,Kjurkchieva & Dimitrov (2015),0.8416466498486377,0.2652063073257077,0.10065377569049998
351,291,SS Com,0.412807257,0.29830681130171544,P,,0.29830681130171544,0.1133773355382435,0.1674650177348419
352,429,VW BOO,0.34219629999999995,0.4318869828456105,S,,0.4318869828456105,0.15590874097219867,0.1430212457618131
353,25,1SWASP J220235.74+311909.7,0.22048,0.3930997275479314,P,Li et al. (2019b),0.3930997275479314,0.14398220728790534,0.0973592316812077
354,180,HT Vir,0.40767,0.8193743693239153,S,Deb & Singh (2011),0.8193743693239153,0.25992207223712666,0.1657322955783188
355,88,BV Dra,0.35006689,0.4147325933400606,S,,0.4147325933400606,0.1506743591453645,0.14581497947673117
356,21,1SWASP J174310.98+432709.6,0.25811,1.0011299999999999,P,Kjurkchieva et al. (2015),1.0011299999999999,0.30127530275352754,0.11199558346249201
357,127,EF Boo,0.4295100000000001,0.5236767204843592,P,¨Ozdemir et al. (2004),0.5236767204843592,0.1828928322247595,0.17305130448356174
358,137,EPIC 211957146,0.35502,0.1827810595358224,P,Sriram et al. (2017),0.1827810595358224,0.07290436133519423,0.14756395926669397
359,149,FI Boo,0.39,0.3763874873864783,S,Christopoulou & Papageorgiou (2013),0.3763874873864783,0.1387407158351848,0.15971911904335206
360,394,V574 Lyr,0.27313000000000004,0.958627648839556,S,Long et al. (2019),0.958627648839556,0.2919518809030875,0.11770266744257223
361,232,NSVS 11504202,0.24614,0.990165519677094,P,Kjurkchieva et al. (2015),0.990165519677094,0.298889197662501,0.10739307740704816
362,272,PS Vir,0.28981,0.31734513622603433,P,Yuan et al. (2018),0.31734513622603433,0.11969957232057941,0.12395382766806412
363,259,NSVS 8626028,0.21741,0.8157306054490414,P,Dimitrov & Kjurkchieva (2015),0.8157306054490414,0.2590514139836768,0.0961430914575628
364,244,NSVS 3325547,0.35815,0.42698993945509583,P,Kjurkchieva et al. (2019b),0.42698993945509583,0.154420911268439,0.14866556462599906
365,349,V2612 Oph,0.37531,0.2984064883955601,P,¸Cal?¸skano et al. (2014),0.2984064883955601,0.11341067707953362,0.1546558801638683
366,224,NGC5466 NH30,0.29754,0.3781481634712412,P,Kallrath et al. (1992),0.3781481634712412,0.13929591069129807,0.12682056623689464
367,437,XX Sex,0.5401100000000001,0.10090817356205853,S,Deb & Singh (2011),0.10090817356205853,0.041751096103066536,0.20833227337005925
368,201,LS Del,0.36384,0.3784056508577195,S,Lu & Rucinski (1999),0.3784056508577195,0.13937704486023847,0.15066103445501078
369,187,Kepler 12055255,0.22095,0.9742171846619576,P,Kjurkchieva & Dimitrov (2015),0.9742171846619576,0.29539492792421584,0.0975451157892409
370,196,LO AND,0.380442063,0.3831320181634713,P,,0.3831320181634713,0.14086363493473011,0.15643147788291417
